{
  "timestamp": 1753287726.9174118,
  "results": [
    {
      "test_name": "短音頻",
      "duration_seconds": 1,
      "avg_time": 0.0020057360331217446,
      "min_time": 0.0017147064208984375,
      "max_time": 0.0022437572479248047,
      "times": [
        0.002058744430541992,
        0.0017147064208984375,
        0.0022437572479248047
      ],
      "throughput_ratio": 498.570092717331
    },
    {
      "test_name": "中等音頻",
      "duration_seconds": 5,
      "avg_time": 0.0016546249389648438,
      "min_time": 0.0015156269073486328,
      "max_time": 0.0017917156219482422,
      "times": [
        0.0017917156219482422,
        0.0016565322875976562,
        0.0015156269073486328
      ],
      "throughput_ratio": 3021.8328530259364
    },
    {
      "test_name": "長音頻",
      "duration_seconds": 10,
      "avg_time": 0.0015873114267985027,
      "min_time": 0.0015459060668945312,
      "max_time": 0.0016562938690185547,
      "times": [
        0.0016562938690185547,
        0.0015597343444824219,
        0.0015459060668945312
      ],
      "throughput_ratio": 6299.960947278826
    },
    {
      "test_name": "超長音頻",
      "duration_seconds": 30,
      "avg_time": 0.0022700627644856772,
      "min_time": 0.0016682147979736328,
      "max_time": 0.002801656723022461,
      "times": [
        0.002801656723022461,
        0.0023403167724609375,
        0.0016682147979736328
      ],
      "throughput_ratio": 13215.493628343369
    }
  ],
  "summary": {
    "total_tests": 4,
    "overall_throughput": 6118.864126010888
  }
}