{
  "timestamp": 1753287849.263041,
  "results": [
    {
      "test_name": "短音頻",
      "duration_seconds": 1,
      "avg_time": 0.2118953069051107,
      "min_time": 0.20769929885864258,
      "max_time": 0.21616411209106445,
      "times": [
        0.21616411209106445,
        0.20769929885864258,
        0.211822509765625
      ],
      "throughput_ratio": 4.719311695033492
    },
    {
      "test_name": "中等音頻",
      "duration_seconds": 5,
      "avg_time": 0.20321098963419595,
      "min_time": 0.19792485237121582,
      "max_time": 0.20984101295471191,
      "times": [
        0.20186710357666016,
        0.20984101295471191,
        0.19792485237121582
      ],
      "throughput_ratio": 24.604968505889357
    },
    {
      "test_name": "長音頻",
      "duration_seconds": 10,
      "avg_time": 0.20357632637023926,
      "min_time": 0.19782447814941406,
      "max_time": 0.20755434036254883,
      "times": [
        0.20755434036254883,
        0.19782447814941406,
        0.20535016059875488
      ],
      "throughput_ratio": 49.12162518255313
    },
    {
      "test_name": "超長音頻",
      "duration_seconds": 30,
      "avg_time": 0.1989438533782959,
      "min_time": 0.1975114345550537,
      "max_time": 0.2002713680267334,
      "times": [
        0.1975114345550537,
        0.19904875755310059,
        0.2002713680267334
      ],
      "throughput_ratio": 150.7963150937585
    }
  ],
  "summary": {
    "total_tests": 4,
    "overall_throughput": 56.260409042583284
  }
}